{"fds": {"search": {"query": [["b tress", "10"], ["fds", "4"]]}, "comment": {"commententries": [["video", "videos", "hello"], ["video", "videos", "hello"]]}, "rate": {"rating": [["like", "gangnam style", "psy"], ["dislike", "helo heo", "helloChannel"]]}, "upload": {"uploadDetails": [["X:files/pathtovid", "Video Title", "This is a description of the video", ["hello", " cars", " tv"], "42", "public"], ["X:files/pathtovid", "Video Title", "This is a description of the video", ["hello", " cars", " tv"], "42", "public"], ["X:files/pathtovid", "Video Title", "This is a description of the video", ["hello", " cars", " tv"], "42", "public"]]}}}