{"fds": {"upload": {"uploadDetails": [["E:\\SJSU\\Spring2020\\cs180h\\disconnectedNetworksYT\\youtube\\clientcmdline\\PSY - GANGNAM STYLE.mp4", "video title123", "description", ["tag1", "tag2"], "sports", "private"], ["E:\\SJSU\\Spring2020\\cs180h\\disconnectedNetworksYT\\youtube\\clientcmdline\\PSY - GANGNAM STYLE.mp4", "video title123", "description", ["tag1", "tag2"], "sports", "private"], ["E:\\SJSU\\Spring2020\\cs180h\\disconnectedNetworksYT\\youtube\\clientcmdline\\PSY - GANGNAM STYLE.mp4", "video title123", "description", ["tag1", "tag2"], "sports", "private"], ["E:\\SJSU\\Spring2020\\cs180h\\disconnectedNetworksYT\\youtube\\clientcmdline\\PSY - GANGNAM STYLE.mp4", "video title123", "description", ["tag1", "tag2"], "sports", "private"], ["E:\\SJSU\\Spring2020\\cs180h\\disconnectedNetworksYT\\youtube\\clientcmdline\\PSY - GANGNAM STYLE.mp4", "video title123", "description", ["tag1", "tag2"], "sports", "private"]]}}, "hello": {"upload": {"uploadDetails": ["E:\\SJSU\\Spring2020\\cs180h\\disconnectedNetworksYT\\youtube\\clientcmdline\\PSY - GANGNAM STYLE.mp4", "video title123", "description", ["tag1", "tag2"], "sports", "private"]}}}